h,om_l,om_m,om_k
50.466971508249635,0.5,0.4,0.1
50.88954810014156,0.5023602094731882,0.40175910267405895,0.1027145672219573
50.725320461540534,0.5088838414540111,0.405279654084549,0.1027145672219573
50.87717566995417,0.5069680839190147,0.41192749508420157,0.10741491223520519
50.87717566995417,0.5069680839190147,0.41192749508420157,0.10741491223520519
51.15972658871021,0.5069680839190147,0.41192749508420157,0.10741491223520519
51.93719675222203,0.5069680839190147,0.41192749508420157,0.10741491223520519
51.67090710966666,0.500171597717135,0.4185177138260468,0.11755996828300543
51.67090710966666,0.500171597717135,0.4185177138260468,0.11755996828300543
51.67090710966666,0.500171597717135,0.4185177138260468,0.11755996828300543
51.67090710966666,0.500171597717135,0.4185177138260468,0.11755996828300543
51.67090710966666,0.500171597717135,0.4185177138260468,0.11755996828300543
52.117419227985245,0.500171597717135,0.4185177138260468,0.11755996828300543
52.85206654184908,0.5016139486308411,0.4185177138260468,0.11755996828300543
53.19991106636926,0.4980831826562336,0.4259916478275883,0.11755996828300543
53.19991106636926,0.4980831826562336,0.4259916478275883,0.11755996828300543
53.19991106636926,0.4980831826562336,0.4259916478275883,0.11755996828300543
53.19991106636926,0.4980831826562336,0.4259916478275883,0.11755996828300543
53.19991106636926,0.4980831826562336,0.4259916478275883,0.11755996828300543
53.248985079395105,0.4983310849537706,0.42940141843840957,0.11783758961633835
53.248985079395105,0.4983310849537706,0.42940141843840957,0.11783758961633835
53.32801162350932,0.4976109912051404,0.4346588394909211,0.1225861332539929
53.32801162350932,0.4976109912051404,0.4346588394909211,0.1225861332539929
53.32801162350932,0.4976109912051404,0.4346588394909211,0.1225861332539929
53.76995095447631,0.4976109912051404,0.4346588394909211,0.1225861332539929
53.76995095447631,0.4976109912051404,0.4346588394909211,0.1225861332539929
53.85879894075946,0.4976109912051404,0.4346588394909211,0.1225861332539929
54.33317579285444,0.4976109912051404,0.4346588394909211,0.1225861332539929
54.33317579285444,0.4976109912051404,0.4346588394909211,0.1225861332539929
54.469689763912534,0.5022125234566578,0.4346588394909211,0.1225861332539929
54.436820460973145,0.5040694108208966,0.43867164107567264,0.1275229474666434
54.436820460973145,0.5040694108208966,0.43867164107567264,0.1275229474666434
54.81474938644308,0.5016100735614449,0.44026540549573834,0.13881948986281228
54.81474938644308,0.5016100735614449,0.44026540549573834,0.13881948986281228
54.81474938644308,0.5016100735614449,0.44026540549573834,0.13881948986281228
54.71346932511844,0.5057710067560047,0.4408241997697883,0.14296448159695213
54.71346932511844,0.5057710067560047,0.4408241997697883,0.14296448159695213
54.71346932511844,0.5057710067560047,0.4408241997697883,0.14296448159695213
54.418617753858804,0.5095778470712328,0.4500521525185132,0.14859683165205614
54.418617753858804,0.5095778470712328,0.4500521525185132,0.14859683165205614
54.47822006690213,0.5108112722309511,0.45032684828530717,0.15221905315383252
54.47822006690213,0.5108112722309511,0.45032684828530717,0.15221905315383252
54.47822006690213,0.5108112722309511,0.45032684828530717,0.15221905315383252
54.73586358446368,0.5030519679610782,0.4576811815256652,0.1573564376801655
54.73586358446368,0.5030519679610782,0.4576811815256652,0.1573564376801655
54.67707855971943,0.5012027479714195,0.46548878890049017,0.16395413509494036
54.67707855971943,0.5012027479714195,0.46548878890049017,0.16395413509494036
54.799818304265244,0.5025295290472088,0.4703337691223563,0.16641602399862684
55.091813428928575,0.5067576016760318,0.4703337691223563,0.16641602399862684
55.091813428928575,0.5067576016760318,0.4703337691223563,0.16641602399862684
55.47252089557526,0.5067576016760318,0.4703337691223563,0.16641602399862684
55.47252089557526,0.5067576016760318,0.4703337691223563,0.16641602399862684
55.76782005505467,0.5047403086696375,0.4714329913001132,0.1708136698257191
55.76782005505467,0.5047403086696375,0.4714329913001132,0.1708136698257191
55.76782005505467,0.5047403086696375,0.4714329913001132,0.1708136698257191
55.76782005505467,0.5047403086696375,0.4714329913001132,0.1708136698257191
55.76782005505467,0.5047403086696375,0.4714329913001132,0.1708136698257191
55.998870103374024,0.5080879162237043,0.4754649247447598,0.17709444293823004
56.134425491346065,0.5025775511685252,0.47994894900289786,0.1836670327331243
56.134425491346065,0.5025775511685252,0.47994894900289786,0.1836670327331243
56.64222765578291,0.5078912916298057,0.48928070396426065,0.18752973871652923
56.64222765578291,0.5078912916298057,0.48928070396426065,0.18752973871652923
56.64222765578291,0.5078912916298057,0.48928070396426065,0.18752973871652923
56.64222765578291,0.5078912916298057,0.48928070396426065,0.18752973871652923
56.64222765578291,0.5078912916298057,0.48928070396426065,0.18752973871652923
56.64222765578291,0.5078912916298057,0.48928070396426065,0.18752973871652923
56.64222765578291,0.5078912916298057,0.48928070396426065,0.18752973871652923
56.64222765578291,0.5078912916298057,0.48928070396426065,0.18752973871652923
56.796064610226004,0.5078912916298057,0.48928070396426065,0.18752973871652923
57.02456075023304,0.5078912916298057,0.48928070396426065,0.18752973871652923
57.02456075023304,0.5078912916298057,0.48928070396426065,0.18752973871652923
57.02456075023304,0.5078912916298057,0.48928070396426065,0.18752973871652923
57.04906557427788,0.5047456655494464,0.48754592991129353,0.19549430938423518
57.489571128353255,0.5047456655494464,0.48754592991129353,0.19549430938423518
57.489571128353255,0.5047456655494464,0.48754592991129353,0.19549430938423518
57.489571128353255,0.5047456655494464,0.48754592991129353,0.19549430938423518
57.489571128353255,0.5047456655494464,0.48754592991129353,0.19549430938423518
57.489571128353255,0.5047456655494464,0.48754592991129353,0.19549430938423518
57.489571128353255,0.5047456655494464,0.48754592991129353,0.19549430938423518
57.933717347977236,0.5047456655494464,0.48754592991129353,0.19549430938423518
57.933717347977236,0.5047456655494464,0.48754592991129353,0.19549430938423518
58.570847435855015,0.5047456655494464,0.48754592991129353,0.19549430938423518
58.570847435855015,0.5047456655494464,0.48754592991129353,0.19549430938423518
58.570847435855015,0.5047456655494464,0.48754592991129353,0.19549430938423518
58.570847435855015,0.5047456655494464,0.48754592991129353,0.19549430938423518
58.946320588449694,0.5047456655494464,0.48754592991129353,0.19549430938423518
58.946320588449694,0.5047456655494464,0.48754592991129353,0.19549430938423518
58.946320588449694,0.5047456655494464,0.48754592991129353,0.19549430938423518
58.946320588449694,0.5047456655494464,0.48754592991129353,0.19549430938423518
58.96306951666899,0.5072444973836465,0.4879916608660346,0.20303601733677867
59.203378841041655,0.5087844076028206,0.49732461293179003,0.20303601733677867
59.344202938583294,0.513195122469005,0.49732461293179003,0.20303601733677867
59.85031724176713,0.513195122469005,0.49732461293179003,0.20303601733677867
59.85031724176713,0.513195122469005,0.49732461293179003,0.20303601733677867
59.85031724176713,0.513195122469005,0.49732461293179003,0.20303601733677867
59.56000404994225,0.5185510940618879,0.5046789446645914,0.20303601733677867
59.80276578214299,0.5194648535677833,0.5107245181504635,0.20603906382149736
59.80276578214299,0.5194648535677833,0.5107245181504635,0.20603906382149736
59.80276578214299,0.5194648535677833,0.5107245181504635,0.20603906382149736
60.51771326043355,0.5194648535677833,0.5107245181504635,0.20603906382149736
60.39429999758962,0.5324996981510951,0.5073009550373198,0.20948884090076347
60.547101013513114,0.5350788712980981,0.49662137662560235,0.20948884090076347
60.77080716788593,0.5402852055703856,0.49104953792469175,0.20925351847368862
60.96626741051007,0.546181290443703,0.4876963451453902,0.2056970019630695
61.070823973989256,0.5541559668810293,0.48395955148558406,0.1956361057137993
61.070823973989256,0.5541559668810293,0.48395955148558406,0.1956361057137993
60.99940077696933,0.5504295294816468,0.48084478620299187,0.195178395594503
60.99940077696933,0.5504295294816468,0.48084478620299187,0.195178395594503
60.99940077696933,0.5504295294816468,0.48084478620299187,0.195178395594503
60.99940077696933,0.5504295294816468,0.48084478620299187,0.195178395594503
61.26486127209221,0.5560998388379044,0.48084478620299187,0.195178395594503
61.239080004809104,0.5596336564947666,0.479388861644155,0.19153637614871802
61.239080004809104,0.5596336564947666,0.479388861644155,0.19153637614871802
61.239080004809104,0.5596336564947666,0.479388861644155,0.19153637614871802
61.239080004809104,0.5596336564947666,0.479388861644155,0.19153637614871802
61.239080004809104,0.5596336564947666,0.479388861644155,0.19153637614871802
61.118043917830164,0.5608705246007828,0.47634977622607555,0.19317624042763434
61.118043917830164,0.5608705246007828,0.47634977622607555,0.19317624042763434
61.118043917830164,0.5608705246007828,0.47634977622607555,0.19317624042763434
61.118043917830164,0.5608705246007828,0.47634977622607555,0.19317624042763434
61.118043917830164,0.5608705246007828,0.47634977622607555,0.19317624042763434
61.118043917830164,0.5608705246007828,0.47634977622607555,0.19317624042763434
61.118043917830164,0.5608705246007828,0.47634977622607555,0.19317624042763434
61.48159542160061,0.5646035865239626,0.4741865372912378,0.1967048188181757
61.48159542160061,0.5646035865239626,0.4741865372912378,0.19510397751082753
61.48159542160061,0.5646035865239626,0.4741865372912378,0.19510397751082753
61.655145277406795,0.5694000673667939,0.47421838179072007,0.1863619400082909
61.82923562189711,0.5634638307911232,0.4705271273533964,0.1794839580889629
61.82923562189711,0.5634638307911232,0.4705271273533964,0.1794839580889629
61.362055552310295,0.569662408839249,0.4705271273533964,0.1794839580889629
61.362055552310295,0.569662408839249,0.4705271273533964,0.1794839580889629
61.362055552310295,0.569662408839249,0.4705271273533964,0.1794839580889629
61.362055552310295,0.569662408839249,0.4705271273533964,0.1794839580889629
61.28489635705431,0.5726665472993631,0.4621897292273522,0.18157164947077573
61.28489635705431,0.5726665472993631,0.4621897292273522,0.18157164947077573
61.28489635705431,0.5726665472993631,0.4621897292273522,0.18157164947077573
61.28489635705431,0.5726665472993631,0.4621897292273522,0.18157164947077573
61.40427394565358,0.5688177048906001,0.44482123361929937,0.18717303261718465
61.732886444947134,0.5688177048906001,0.44482123361929937,0.18717303261718465
61.732886444947134,0.5688177048906001,0.44482123361929937,0.18717303261718465
61.732886444947134,0.5688177048906001,0.44482123361929937,0.18717303261718465
61.732886444947134,0.5688177048906001,0.44482123361929937,0.18717303261718465
61.732886444947134,0.5688177048906001,0.44482123361929937,0.18717303261718465
61.732886444947134,0.5688177048906001,0.44482123361929937,0.18717303261718465
61.732886444947134,0.5688177048906001,0.44482123361929937,0.18717303261718465
62.01470133079338,0.5730992824705825,0.43941767089652045,0.19213850350226783
62.01470133079338,0.5730992824705825,0.43941767089652045,0.19213850350226783
62.01470133079338,0.5730992824705825,0.43941767089652045,0.19213850350226783
61.965842753487706,0.5796031493267944,0.431123709030915,0.19213850350226783
62.1879540256969,0.5862984308966392,0.4303909357505805,0.1907959418172247
61.673759669305284,0.5903773746272982,0.42754387605388483,0.19861615354681406
61.673759669305284,0.5903773746272982,0.42754387605388483,0.19861615354681406
61.673759669305284,0.5903773746272982,0.42754387605388483,0.19861615354681406
61.57443605711647,0.5933610711500039,0.42697917681980607,0.19008297969099316
61.57443605711647,0.5933610711500039,0.42697917681980607,0.19008297969099316
61.57443605711647,0.5933610711500039,0.42697917681980607,0.19008297969099316
61.65137668979919,0.5962613999976792,0.41452284836753117,0.19255258009378898
61.65137668979919,0.5962613999976792,0.41452284836753117,0.19255258009378898
61.65137668979919,0.5962613999976792,0.41452284836753117,0.19255258009378898
61.78551943542013,0.5886166784042177,0.4166838126080772,0.2072860905613002
61.986447980549265,0.5844913877620116,0.4159408959747942,0.19459138507543905
62.17867757577973,0.5855591187947722,0.4183921185381319,0.1924751100701902
62.01897296067009,0.5849393441386408,0.41909721494362606,0.1945986562995804
61.811050093112684,0.5904545682523917,0.4197856558725601,0.20362845612111613
61.811050093112684,0.5904545682523917,0.4197856558725601,0.20362845612111613
61.59650770031039,0.5945568702667056,0.4245032337171165,0.20656159721953216
61.59650770031039,0.5945568702667056,0.4245032337171165,0.20656159721953216
61.59650770031039,0.5945568702667056,0.4245032337171165,0.20656159721953216
61.59650770031039,0.5945568702667056,0.4245032337171165,0.20656159721953216
61.59650770031039,0.5945568702667056,0.4245032337171165,0.20656159721953216
61.483364433638044,0.6016323884657225,0.41770633054340073,0.21274646261356447
61.60535135967931,0.6104979164471122,0.4178407672446596,0.20451533284823975
61.96886130515862,0.6041035088490496,0.4069807472702933,0.20347322544060145
61.96886130515862,0.6041035088490496,0.4069807472702933,0.20347322544060145
61.96886130515862,0.6041035088490496,0.4069807472702933,0.20347322544060145
61.96886130515862,0.6041035088490496,0.4069807472702933,0.20347322544060145
61.96886130515862,0.6041035088490496,0.4069807472702933,0.20347322544060145
61.96886130515862,0.6041035088490496,0.4069807472702933,0.20347322544060145
61.96886130515862,0.6041035088490496,0.4069807472702933,0.20347322544060145
62.15551887958515,0.5992401320642419,0.40496779331427746,0.2013241016892828
62.15551887958515,0.5992401320642419,0.40496779331427746,0.2115316775625521
62.15551887958515,0.5992401320642419,0.40496779331427746,0.2115316775625521
62.26873784985011,0.5969947709713829,0.39999633812748275,0.2110869768367693
62.26873784985011,0.5969947709713829,0.39999633812748275,0.2110869768367693
62.26873784985011,0.5969947709713829,0.39999633812748275,0.2110869768367693
62.26873784985011,0.5969947709713829,0.39999633812748275,0.2110869768367693
62.26873784985011,0.5969947709713829,0.39999633812748275,0.2110869768367693
62.26873784985011,0.5969947709713829,0.39999633812748275,0.2110869768367693
62.26873784985011,0.5969947709713829,0.39999633812748275,0.2110869768367693
62.53023158759492,0.5911307950086943,0.39478114615428067,0.21003738176637446
62.53023158759492,0.5911307950086943,0.39478114615428067,0.21003738176637446
63.0566060562763,0.5922122918277192,0.3900504471150584,0.2160215617196219
62.69129357948209,0.5871690073494265,0.38484464964260423,0.21001411897625372
62.69129357948209,0.5871690073494265,0.38484464964260423,0.21001411897625372
62.69129357948209,0.5871690073494265,0.38484464964260423,0.21001411897625372
63.12769410773498,0.5858663654114921,0.383714068246157,0.20561304616804818
63.12769410773498,0.5858663654114921,0.383714068246157,0.20561304616804818
63.12769410773498,0.5858663654114921,0.383714068246157,0.20561304616804818
63.12769410773498,0.5858663654114921,0.383714068246157,0.20561304616804818
63.12769410773498,0.5858663654114921,0.383714068246157,0.20561304616804818
62.70088016121699,0.591115164873374,0.38095158914424,0.21253326306607767
63.132080421701396,0.5881875866353581,0.3713802237471543,0.21256465888044
63.132080421701396,0.5881875866353581,0.3713802237471543,0.21256465888044
63.61846166478546,0.5865704140916816,0.3637597748495851,0.20744313760968633
63.44192711634311,0.5902794264585125,0.36389984561143235,0.21228890811614096
63.44192711634311,0.5902794264585125,0.36389984561143235,0.21228890811614096
63.44192711634311,0.5902794264585125,0.36389984561143235,0.21228890811614096
63.44192711634311,0.5902794264585125,0.36389984561143235,0.21228890811614096
63.44192711634311,0.5902794264585125,0.36389984561143235,0.21228890811614096
63.460041333650096,0.5812822702458895,0.3672070544236879,0.21237463546085683
63.460041333650096,0.5812822702458895,0.3672070544236879,0.21237463546085683
62.74005016667862,0.5939145583785151,0.3736685585718181,0.2188918612771773
62.74005016667862,0.5939145583785151,0.3736685585718181,0.2188918612771773
62.74005016667862,0.5939145583785151,0.3736685585718181,0.2188918612771773
62.74005016667862,0.5939145583785151,0.3736685585718181,0.2188918612771773
63.37808086270587,0.5928524531183452,0.3671669190323302,0.2144666867658414
63.37808086270587,0.5928524531183452,0.3671669190323302,0.2144666867658414
63.37808086270587,0.5928524531183452,0.3671669190323302,0.2144666867658414
63.37808086270587,0.5928524531183452,0.3671669190323302,0.2144666867658414
63.37808086270587,0.5928524531183452,0.3671669190323302,0.2144666867658414
63.37808086270587,0.5928524531183452,0.3671669190323302,0.2144666867658414
62.93427706043255,0.6004098215322557,0.37249367110601417,0.2050229342503746
62.770245892899666,0.6037047457967927,0.37514208204457866,0.20338773961871343
62.770245892899666,0.6037047457967927,0.37514208204457866,0.20338773961871343
62.770245892899666,0.6037047457967927,0.37514208204457866,0.20338773961871343
62.770245892899666,0.6037047457967927,0.37514208204457866,0.20338773961871343
62.770245892899666,0.6037047457967927,0.37514208204457866,0.20338773961871343
62.770245892899666,0.6037047457967927,0.37514208204457866,0.20338773961871343
62.770245892899666,0.6037047457967927,0.37514208204457866,0.20338773961871343
62.59695078730992,0.6022094146889521,0.37778243375443565,0.2057375464279682
62.59695078730992,0.6022094146889521,0.37778243375443565,0.2057375464279682
62.59695078730992,0.6022094146889521,0.37778243375443565,0.2057375464279682
62.59695078730992,0.6022094146889521,0.37778243375443565,0.2057375464279682
62.59695078730992,0.6022094146889521,0.37778243375443565,0.2057375464279682
62.59695078730992,0.6022094146889521,0.37778243375443565,0.2057375464279682
62.59695078730992,0.6022094146889521,0.37778243375443565,0.2057375464279682
62.59695078730992,0.6022094146889521,0.37778243375443565,0.2057375464279682
62.500596819985056,0.6085681182692737,0.38048124841529896,0.2057375464279682
62.5464946055039,0.6103072447820417,0.38048124841529896,0.2057375464279682
62.5464946055039,0.6103072447820417,0.38048124841529896,0.2057375464279682
62.5464946055039,0.6103072447820417,0.38048124841529896,0.2057375464279682
62.5464946055039,0.6103072447820417,0.38048124841529896,0.2057375464279682
62.5464946055039,0.6103072447820417,0.38048124841529896,0.2057375464279682
62.859744866206846,0.6174001941795613,0.37355769081636786,0.2019684056600173
63.313902263354585,0.6174920796124711,0.37247737071880055,0.19390671869394926
63.53115659470485,0.6154446224185542,0.36518649012901483,0.18850475822791643
63.67573801094455,0.6126770234827967,0.36541527143960917,0.18580546394356245
63.67573801094455,0.6126770234827967,0.36541527143960917,0.18580546394356245
63.34484977183801,0.6204108453463992,0.3647582663252329,0.1880921393571644
63.712816280942796,0.6224458046702313,0.35889452647556686,0.1811259161702206
63.712816280942796,0.6224458046702313,0.35889452647556686,0.1811259161702206
63.712816280942796,0.6224458046702313,0.35889452647556686,0.1811259161702206
63.712816280942796,0.6224458046702313,0.35889452647556686,0.1811259161702206
63.712816280942796,0.6224458046702313,0.35889452647556686,0.1811259161702206
63.712816280942796,0.6224458046702313,0.35889452647556686,0.1811259161702206
63.712816280942796,0.6224458046702313,0.35889452647556686,0.1811259161702206
63.712816280942796,0.6224458046702313,0.35889452647556686,0.1811259161702206
63.712816280942796,0.6224458046702313,0.35889452647556686,0.1811259161702206
63.712816280942796,0.6224458046702313,0.35889452647556686,0.1811259161702206
63.712816280942796,0.6224458046702313,0.35889452647556686,0.1811259161702206
63.701414168708766,0.6222293486805739,0.3539330119600642,0.18928741281204078
63.701414168708766,0.6222293486805739,0.3539330119600642,0.18928741281204078
63.793617808049106,0.6335287249335162,0.35053058211729565,0.18823737607541852
63.793617808049106,0.6335287249335162,0.35053058211729565,0.18823737607541852
63.793617808049106,0.6335287249335162,0.35053058211729565,0.18823737607541852
63.793617808049106,0.6335287249335162,0.35053058211729565,0.18823737607541852
63.65805696540989,0.6414121828036877,0.3532313778407868,0.1826593479080178
63.65805696540989,0.6414121828036877,0.3532313778407868,0.1826593479080178
63.65805696540989,0.6414121828036877,0.3532313778407868,0.1826593479080178
63.585179897589335,0.6450275455988036,0.35500967069327105,0.17316947018379458
63.66560447950594,0.6357428665917974,0.3534752235238852,0.16858521350720815
63.66560447950594,0.6357428665917974,0.3534752235238852,0.16858521350720815
63.66560447950594,0.6357428665917974,0.3534752235238852,0.16858521350720815
63.854552888801706,0.6387566777105989,0.3523089409713998,0.17654270270879585
63.854552888801706,0.6387566777105989,0.3523089409713998,0.17654270270879585
63.62622443115077,0.6380906163267963,0.3482463029929599,0.18071988662035982
63.484302284299424,0.6320271696840024,0.3464212407142665,0.1910944328107157
63.484302284299424,0.6320271696840024,0.3464212407142665,0.1910944328107157
63.484302284299424,0.6320271696840024,0.3464212407142665,0.1910944328107157
63.484302284299424,0.6320271696840024,0.3464212407142665,0.1910944328107157
63.484302284299424,0.6320271696840024,0.3464212407142665,0.1910944328107157
63.484302284299424,0.6320271696840024,0.3464212407142665,0.1910944328107157
63.66605407616429,0.6362488205399192,0.3418972723558283,0.19381141977179367
63.66605407616429,0.6362488205399192,0.3418972723558283,0.19381141977179367
63.66605407616429,0.6362488205399192,0.3418972723558283,0.19381141977179367
63.66605407616429,0.6362488205399192,0.3418972723558283,0.19381141977179367
63.66605407616429,0.6362488205399192,0.3418972723558283,0.19381141977179367
63.47498387501205,0.6360881849369704,0.3303879305757568,0.19147199453885982
63.73710078450134,0.6411790303010041,0.3321159377713804,0.20324558519640418
63.819058468244876,0.6452883435645003,0.3283707436299456,0.20502881768788891
63.42372859942396,0.6479422191993476,0.3341841807468278,0.2025804994407992
63.42372859942396,0.6479422191993476,0.3341841807468278,0.2025804994407992
63.42372859942396,0.6479422191993476,0.3341841807468278,0.2025804994407992
63.42372859942396,0.6479422191993476,0.3341841807468278,0.2025804994407992
63.31562256385324,0.6525936910738711,0.3391282455027518,0.2057102781220028
63.34050381516852,0.6504494343810565,0.3324064330290542,0.20886557709784703
63.35760667407613,0.6533931206843803,0.32385316076753046,0.21030263171705038
63.35760667407613,0.6533931206843803,0.32385316076753046,0.21030263171705038
62.88238725869782,0.6560351343263137,0.32460553887572857,0.21415820989899828
62.88238725869782,0.6560351343263137,0.32460553887572857,0.21415820989899828
62.88238725869782,0.6560351343263137,0.32460553887572857,0.21415820989899828
62.50841033922459,0.6552163536403786,0.33008383675267366,0.211391790171482
62.840693560115476,0.6583084494385552,0.3266463426149366,0.21125588773073323
62.840693560115476,0.6583084494385552,0.3266463426149366,0.21125588773073323
62.840693560115476,0.6583084494385552,0.3266463426149366,0.21125588773073323
63.00683981024858,0.6588651062491424,0.3236166391479986,0.21569158723149126
62.67325556269456,0.6654578258909686,0.3286762905884502,0.2179132560499659
62.67325556269456,0.6654578258909686,0.3286762905884502,0.2179132560499659
62.67325556269456,0.6654578258909686,0.3286762905884502,0.2179132560499659
62.67325556269456,0.6654578258909686,0.3286762905884502,0.2179132560499659
62.58631473313251,0.667116142654155,0.3272445868386844,0.21512846007592637
62.58631473313251,0.667116142654155,0.3272445868386844,0.21512846007592637
62.58631473313251,0.667116142654155,0.3272445868386844,0.21512846007592637
62.801239923608335,0.672584466758454,0.32714401231346174,0.21422564205688577
62.801239923608335,0.672584466758454,0.32714401231346174,0.21422564205688577
62.801239923608335,0.672584466758454,0.32714401231346174,0.21422564205688577
62.46124575326366,0.6823784864313794,0.32370666562612155,0.2162028783593941
62.46124575326366,0.6823784864313794,0.32370666562612155,0.2162028783593941
62.46124575326366,0.6823784864313794,0.32370666562612155,0.2162028783593941
62.189851432183765,0.691947470926384,0.3208161577553041,0.21983645786256295
62.189851432183765,0.691947470926384,0.3208161577553041,0.21983645786256295
62.189851432183765,0.691947470926384,0.3208161577553041,0.21983645786256295
62.254419490914934,0.6843306981365535,0.3218030440352125,0.22144176838495205
62.393551332370045,0.6845636723915336,0.32659616821946236,0.21818698324596303
62.3247743727156,0.6848667452269809,0.32791244456848284,0.22087424926629337
62.3247743727156,0.6848667452269809,0.32791244456848284,0.22087424926629337
62.50274852279501,0.6755445563812985,0.3275342120458417,0.22281973481657708
62.50274852279501,0.6755445563812985,0.3275342120458417,0.22281973481657708
61.820790096268055,0.6784225131466198,0.3353522806282817,0.23052618327358967
61.820790096268055,0.6784225131466198,0.3353522806282817,0.23052618327358967
61.820790096268055,0.6784225131466198,0.3353522806282817,0.23052618327358967
61.820790096268055,0.6784225131466198,0.3353522806282817,0.23052618327358967
61.820790096268055,0.6784225131466198,0.3353522806282817,0.23052618327358967
61.820790096268055,0.6784225131466198,0.3353522806282817,0.23052618327358967
61.820790096268055,0.6784225131466198,0.3353522806282817,0.23052618327358967
61.35771492778662,0.6816910380298383,0.34306226616428837,0.23390092513797295
61.35771492778662,0.6816910380298383,0.34306226616428837,0.23390092513797295
61.35771492778662,0.6816910380298383,0.34306226616428837,0.23390092513797295
61.35771492778662,0.6816910380298383,0.34306226616428837,0.23390092513797295
61.35771492778662,0.6816910380298383,0.34306226616428837,0.23390092513797295
61.35771492778662,0.6816910380298383,0.34306226616428837,0.23390092513797295
61.35771492778662,0.6816910380298383,0.34306226616428837,0.23390092513797295
61.35771492778662,0.6816910380298383,0.34306226616428837,0.23390092513797295
61.35771492778662,0.6816910380298383,0.34306226616428837,0.23390092513797295
61.51305177672465,0.6873528564287661,0.34110997935906,0.23726576006655664
61.51305177672465,0.6873528564287661,0.34110997935906,0.23726576006655664
61.809450499542535,0.6902719395713511,0.3363403846273644,0.2309270886400639
61.809450499542535,0.6902719395713511,0.3363403846273644,0.2309270886400639
61.809450499542535,0.6902719395713511,0.3363403846273644,0.2309270886400639
61.809450499542535,0.6902719395713511,0.3363403846273644,0.2309270886400639
61.809450499542535,0.6902719395713511,0.3363403846273644,0.2309270886400639
61.60024094568076,0.6874271806503758,0.3359332386589439,0.22536704669094917
61.60024094568076,0.6874271806503758,0.3359332386589439,0.22536704669094917
61.60024094568076,0.6874271806503758,0.3359332386589439,0.22536704669094917
61.60024094568076,0.6874271806503758,0.3359332386589439,0.22536704669094917
61.60024094568076,0.6874271806503758,0.3359332386589439,0.22536704669094917
61.60024094568076,0.6874271806503758,0.3359332386589439,0.22536704669094917
61.60024094568076,0.6874271806503758,0.3359332386589439,0.22536704669094917
61.60024094568076,0.6874271806503758,0.3359332386589439,0.22536704669094917
61.88356656049957,0.6857924633234378,0.3350080717973577,0.21941054650057853
61.93088149722337,0.6789047123197993,0.3315473902923344,0.22825743578825036
62.050145341596355,0.6721018962067816,0.3297571365806135,0.22859042509475322
62.050145341596355,0.6721018962067816,0.3297571365806135,0.22859042509475322
62.2805484945876,0.6721018962067816,0.3297571365806135,0.22859042509475322
62.27926457798197,0.6699431643427162,0.328398016637394,0.23514708723280842
62.27926457798197,0.6699431643427162,0.328398016637394,0.23514708723280842
61.71251848986984,0.6741571913678988,0.33095418938195437,0.23378063083312547
61.71251848986984,0.6741571913678988,0.33095418938195437,0.23378063083312547
61.71251848986984,0.6741571913678988,0.33095418938195437,0.23378063083312547
61.71251848986984,0.6741571913678988,0.33095418938195437,0.23378063083312547
61.75043846079249,0.681015979773707,0.3335639539552464,0.2324457695169998
61.75043846079249,0.681015979773707,0.3335639539552464,0.2324457695169998
61.75043846079249,0.681015979773707,0.3335639539552464,0.2324457695169998
61.75043846079249,0.681015979773707,0.3335639539552464,0.2324457695169998
61.481126328044766,0.6922490980633593,0.33208477434289957,0.2326554843300747
61.481126328044766,0.6922490980633593,0.33208477434289957,0.2326554843300747
61.481126328044766,0.6922490980633593,0.33208477434289957,0.2326554843300747
61.481126328044766,0.6922490980633593,0.33208477434289957,0.2326554843300747
61.481126328044766,0.6922490980633593,0.33208477434289957,0.2326554843300747
61.481126328044766,0.6922490980633593,0.33208477434289957,0.2326554843300747
61.481126328044766,0.6922490980633593,0.33208477434289957,0.2326554843300747
61.82222704969275,0.6894265040350849,0.3302178948986884,0.2347080362120922
61.9987951963403,0.6889339066090489,0.33153256106032186,0.22745476146770197
62.70657586366423,0.6812077263509948,0.32671953009188154,0.22037451553456017
62.02946157697123,0.6803044968889408,0.33555491939528603,0.22235509756848965
62.02946157697123,0.6803044968889408,0.33555491939528603,0.22235509756848965
62.02946157697123,0.6803044968889408,0.33555491939528603,0.22235509756848965
62.02946157697123,0.6803044968889408,0.33555491939528603,0.22235509756848965
62.17605606301347,0.6766679628129411,0.33629380148504534,0.21679188648203812
62.17605606301347,0.6766679628129411,0.33629380148504534,0.21679188648203812
62.17605606301347,0.6766679628129411,0.33629380148504534,0.21679188648203812
62.17605606301347,0.6766679628129411,0.33629380148504534,0.21679188648203812
62.17605606301347,0.6766679628129411,0.33629380148504534,0.21679188648203812
62.17605606301347,0.6766679628129411,0.33629380148504534,0.21679188648203812
62.17605606301347,0.6766679628129411,0.33629380148504534,0.21679188648203812
61.90647394765208,0.6843047804703486,0.3318596104273089,0.2133886108975734
61.47626465050864,0.6889890657835822,0.3324716508843938,0.2217727116208876
61.72198897720116,0.6903081146135166,0.3325617128395786,0.21762634294815844
61.92230829245334,0.6903081146135166,0.3325617128395786,0.21762634294815844
61.92230829245334,0.6903081146135166,0.3325617128395786,0.21762634294815844
61.92230829245334,0.6903081146135166,0.3325617128395786,0.21762634294815844
61.92230829245334,0.6903081146135166,0.3325617128395786,0.21762634294815844
62.14692848279732,0.6860488753111594,0.33463231932743726,0.21647120907746553
61.68656782174392,0.6861674598998573,0.33605231331744895,0.223493811898181
61.68656782174392,0.6861674598998573,0.33605231331744895,0.223493811898181
61.68656782174392,0.6861674598998573,0.33605231331744895,0.223493811898181
61.68656782174392,0.6861674598998573,0.33605231331744895,0.223493811898181
61.68656782174392,0.6861674598998573,0.33605231331744895,0.223493811898181
62.430635611807354,0.6805304561768072,0.33035509737605395,0.2251934391101503
62.28560094951488,0.6732796497443259,0.32358145523567633,0.22558939591738056
62.41946428216864,0.6750438469204575,0.32403699518135104,0.2253928609567251
62.41946428216864,0.6750438469204575,0.32403699518135104,0.2253928609567251
62.41946428216864,0.6750438469204575,0.32403699518135104,0.2253928609567251
62.41946428216864,0.6750438469204575,0.32403699518135104,0.2253928609567251
62.41946428216864,0.6750438469204575,0.32403699518135104,0.2253928609567251
62.41946428216864,0.6750438469204575,0.32403699518135104,0.2253928609567251
62.41946428216864,0.6750438469204575,0.32403699518135104,0.2253928609567251
62.41946428216864,0.6750438469204575,0.32403699518135104,0.2253928609567251
62.442922863614776,0.6806845621109646,0.33032558287504954,0.22611500243923935
62.442922863614776,0.6806845621109646,0.33032558287504954,0.22611500243923935
62.442922863614776,0.6806845621109646,0.33032558287504954,0.22611500243923935
62.442922863614776,0.6806845621109646,0.33032558287504954,0.22611500243923935
62.0480169148128,0.6815473735465983,0.3395198913564416,0.22631027467830356
61.97541198988435,0.683865204924394,0.34040632223826783,0.22707174882804815
62.17583787755689,0.6840970644807488,0.3325945975919061,0.22678894035954883
62.17583787755689,0.6840970644807488,0.3325945975919061,0.22678894035954883
62.46300789886506,0.6709807729982352,0.3169701920987451,0.23388457623390885
62.46300789886506,0.6709807729982352,0.3169701920987451,0.23388457623390885
62.46300789886506,0.6709807729982352,0.3169701920987451,0.23388457623390885
62.46300789886506,0.6709807729982352,0.3169701920987451,0.23388457623390885
62.46300789886506,0.6709807729982352,0.3169701920987451,0.23388457623390885
62.48946477410202,0.6728592243871612,0.3115814149325988,0.24237353171337297
62.66488604106488,0.6683674388037183,0.30389327492262597,0.24268376995681773
62.389040925595445,0.6715511189613712,0.2982372429737509,0.23960226162656023
62.66231585499234,0.6715511189613712,0.2982372429737509,0.23960226162656023
62.66231585499234,0.6715511189613712,0.2982372429737509,0.23960226162656023
63.03733886713334,0.6693805492957062,0.2907021040854372,0.23210775088466779
63.42706409624119,0.6693805492957062,0.2907021040854372,0.23210775088466779
63.51085465612378,0.6644506220812602,0.28612061184701315,0.23064297330488015
63.51085465612378,0.6644506220812602,0.28612061184701315,0.23064297330488015
63.51085465612378,0.6644506220812602,0.28612061184701315,0.23064297330488015
63.57334553836546,0.663442393552643,0.2882032999595219,0.22912238527366321
63.57334553836546,0.663442393552643,0.2882032999595219,0.22912238527366321
63.57334553836546,0.663442393552643,0.2882032999595219,0.22912238527366321
63.57334553836546,0.663442393552643,0.2882032999595219,0.22912238527366321
63.57334553836546,0.663442393552643,0.2882032999595219,0.22912238527366321
63.57334553836546,0.663442393552643,0.2882032999595219,0.22912238527366321
63.57334553836546,0.663442393552643,0.2882032999595219,0.22912238527366321
63.57334553836546,0.663442393552643,0.2882032999595219,0.22912238527366321
63.78618123818551,0.6671556920105928,0.28497334793670576,0.22139252993896258
63.29560789840191,0.6660589173866386,0.29346232105844106,0.2255439682875297
63.29560789840191,0.6660589173866386,0.29346232105844106,0.2255439682875297
63.29560789840191,0.6660589173866386,0.29346232105844106,0.2255439682875297
63.67592268749395,0.6659702200331883,0.28919777918156253,0.2323094572061177
63.67592268749395,0.6659702200331883,0.28919777918156253,0.2323094572061177
63.67592268749395,0.6659702200331883,0.28919777918156253,0.2323094572061177
63.67592268749395,0.6659702200331883,0.28919777918156253,0.2323094572061177
63.67592268749395,0.6659702200331883,0.28919777918156253,0.2323094572061177
63.67592268749395,0.6659702200331883,0.28919777918156253,0.2323094572061177
63.40113201908127,0.6681061033282907,0.2885691331843128,0.23312434043516514
63.40113201908127,0.6681061033282907,0.2885691331843128,0.23312434043516514
63.58924434731206,0.6676400255835699,0.28153656779912534,0.2386433780878184
63.58924434731206,0.6676400255835699,0.28153656779912534,0.2386433780878184
63.366923032727875,0.6707692034306978,0.2853273040059904,0.23771063468443773
63.366923032727875,0.6707692034306978,0.2853273040059904,0.23771063468443773
63.165677171840215,0.6712243488820473,0.2878747798376621,0.24335841751577506
63.165677171840215,0.6712243488820473,0.2878747798376621,0.24335841751577506
63.165677171840215,0.6712243488820473,0.2878747798376621,0.24335841751577506
63.165677171840215,0.6712243488820473,0.2878747798376621,0.24335841751577506
63.165677171840215,0.6712243488820473,0.2878747798376621,0.24335841751577506
63.165677171840215,0.6712243488820473,0.2878747798376621,0.24335841751577506
62.89940817339688,0.6783029516469196,0.2878747798376621,0.25141011088131054
62.89940817339688,0.6783029516469196,0.2878747798376621,0.25141011088131054
62.89940817339688,0.6783029516469196,0.2878747798376621,0.25141011088131054
62.2844759831349,0.6763032908020901,0.29298495291219184,0.25709943056023765
62.2844759831349,0.6763032908020901,0.29298495291219184,0.25709943056023765
61.98083247700781,0.6755095428453891,0.2951440672987329,0.258995717019497
62.28377958438809,0.677588869021548,0.2957837951474688,0.25232724780228233
62.28377958438809,0.677588869021548,0.2957837951474688,0.25232724780228233
62.28377958438809,0.677588869021548,0.2957837951474688,0.25232724780228233
62.41851379432741,0.6812811162966295,0.2971561510595916,0.25127308087660455
62.41851379432741,0.6812811162966295,0.2971561510595916,0.25127308087660455
62.41851379432741,0.6812811162966295,0.2971561510595916,0.25127308087660455
62.90562979184194,0.6820489671928858,0.2901749932783774,0.25084318580524995
63.35487204653071,0.6818233681759212,0.28135531057659563,0.2464415746100895
63.35487204653071,0.6818233681759212,0.28135531057659563,0.2464415746100895
63.45574633461607,0.6863994657305612,0.27814076918745323,0.24941487805180113
63.45574633461607,0.6863994657305612,0.27814076918745323,0.24941487805180113
63.47427467994892,0.6781969848554087,0.27807476350357485,0.24884403242677844
63.019327707737745,0.6765186309204435,0.2825811925739456,0.24322253989541082
63.019327707737745,0.6765186309204435,0.2825811925739456,0.24322253989541082
63.019327707737745,0.6765186309204435,0.2825811925739456,0.24322253989541082
62.80045880740677,0.6799009014707155,0.2879310178730797,0.24015411984482407
63.10390639203351,0.6846237903554682,0.28288950654110145,0.2382997464907902
63.00382065533651,0.6845891099714981,0.2802639999041481,0.23684647818107132
63.00382065533651,0.6845891099714981,0.2802639999041481,0.23684647818107132
63.00382065533651,0.6845891099714981,0.2802639999041481,0.23684647818107132
63.00382065533651,0.6845891099714981,0.2802639999041481,0.23684647818107132
63.26305056300754,0.686287630282143,0.28351720343307507,0.23395422163426352
63.26305056300754,0.686287630282143,0.28351720343307507,0.23395422163426352
63.26305056300754,0.686287630282143,0.28351720343307507,0.23395422163426352
63.26305056300754,0.686287630282143,0.28351720343307507,0.23395422163426352
63.26305056300754,0.686287630282143,0.28351720343307507,0.23395422163426352
63.26305056300754,0.686287630282143,0.28351720343307507,0.23395422163426352
63.26305056300754,0.686287630282143,0.28351720343307507,0.23395422163426352
63.6999329785855,0.6891240879641267,0.28230438994967505,0.22774980398845138
63.6999329785855,0.6891240879641267,0.28230438994967505,0.22774980398845138
63.6999329785855,0.6891240879641267,0.28230438994967505,0.22774980398845138
63.56396427141433,0.6851360211328636,0.28120464833587333,0.22475672663981044
63.40121054582795,0.6944086505378512,0.2693980058535368,0.23169242883547664
63.40121054582795,0.6944086505378512,0.2693980058535368,0.23169242883547664
63.733791598850715,0.6879436997788109,0.2660834237791194,0.23718877579967398
63.733791598850715,0.6879436997788109,0.2660834237791194,0.23718877579967398
63.86956210245081,0.6811609818372345,0.26275148711004737,0.2335988956830214
63.86956210245081,0.6811609818372345,0.26275148711004737,0.2335988956830214
63.86956210245081,0.6811609818372345,0.26275148711004737,0.2335988956830214
63.86956210245081,0.6811609818372345,0.26275148711004737,0.2335988956830214
63.84483621848824,0.6843114896795979,0.26552229905924946,0.22904633475486497
64.07157014504072,0.6858790654557915,0.2650125261896751,0.22930767675439456
64.07157014504072,0.6858790654557915,0.2650125261896751,0.22930767675439456
63.983743684432426,0.6800419548472557,0.2606595391534244,0.22706456552285212
63.864753871025464,0.6875685760940461,0.2671898893506854,0.22633223539667244
63.864753871025464,0.6875685760940461,0.2671898893506854,0.22633223539667244
63.930059982942055,0.6878972000821633,0.26992080135784335,0.23168115927181399
63.930059982942055,0.6878972000821633,0.26992080135784335,0.23168115927181399
63.930059982942055,0.6878972000821633,0.26992080135784335,0.23168115927181399
63.930059982942055,0.6878972000821633,0.26992080135784335,0.23168115927181399
63.930059982942055,0.6878972000821633,0.26992080135784335,0.23168115927181399
63.94543602088397,0.6864773710112595,0.2690418079083241,0.23319126922564626
63.94543602088397,0.6864773710112595,0.2690418079083241,0.23319126922564626
64.13331869081571,0.6850100619719353,0.26647094875717514,0.23060266329057025
63.62331660676044,0.694601383589978,0.26647094875717514,0.23060266329057025
63.43720655589988,0.6984786971919967,0.2687833245617571,0.23060266329057025
63.522105691750234,0.6976958650926542,0.2691802048205143,0.22268501871330645
63.522105691750234,0.6976958650926542,0.2691802048205143,0.22268501871330645
63.522105691750234,0.6976958650926542,0.2691802048205143,0.22268501871330645
62.94627996453118,0.7049937014806166,0.2722647494474616,0.22194003794979503
63.13480910028965,0.7049937014806166,0.2722647494474616,0.22194003794979503
63.13480910028965,0.7049937014806166,0.2722647494474616,0.22194003794979503
63.782835393588726,0.6940982527296987,0.2722647494474616,0.22194003794979503
63.782835393588726,0.6940982527296987,0.2722647494474616,0.22194003794979503
63.782835393588726,0.6940982527296987,0.2722647494474616,0.22194003794979503
63.782835393588726,0.6940982527296987,0.2722647494474616,0.22194003794979503
63.782835393588726,0.6940982527296987,0.2722647494474616,0.22194003794979503
63.782835393588726,0.6940982527296987,0.2722647494474616,0.22194003794979503
63.782835393588726,0.6940982527296987,0.2722647494474616,0.22194003794979503
63.71998781190753,0.6981754204181103,0.2618112265584999,0.2207979214694524
64.49893126666562,0.6968747264950532,0.2644623483125858,0.20930143889282837
64.49893126666562,0.6968747264950532,0.2644623483125858,0.20930143889282837
63.93352658400994,0.7026719663913948,0.2688428310952174,0.2095878209369007
63.93352658400994,0.7026719663913948,0.2688428310952174,0.2095878209369007
63.93352658400994,0.7026719663913948,0.2688428310952174,0.2095878209369007
64.15368723853818,0.7013243206115575,0.2639471784334458,0.21141124345950685
64.15368723853818,0.7013243206115575,0.2639471784334458,0.21141124345950685
64.15368723853818,0.7013243206115575,0.2639471784334458,0.21141124345950685
64.15368723853818,0.7013243206115575,0.2639471784334458,0.21141124345950685
64.15368723853818,0.7013243206115575,0.2639471784334458,0.21141124345950685
64.36571794625122,0.6989533515876042,0.2603666961486347,0.2156882003483346
64.36571794625122,0.6989533515876042,0.2603666961486347,0.2156882003483346
64.36571794625122,0.6989533515876042,0.2603666961486347,0.2156882003483346
64.36571794625122,0.6989533515876042,0.2603666961486347,0.2156882003483346
64.36571794625122,0.6989533515876042,0.2603666961486347,0.2156882003483346
64.36571794625122,0.6989533515876042,0.2603666961486347,0.2156882003483346
64.40868801898122,0.6993105849456818,0.2591013811530636,0.2143139851702868
64.40868801898122,0.6993105849456818,0.2591013811530636,0.2143139851702868
64.40868801898122,0.6993105849456818,0.2591013811530636,0.2143139851702868
64.8728333243738,0.6926320758171289,0.2541195799247519,0.21763564130034113
64.8728333243738,0.6926320758171289,0.2541195799247519,0.21763564130034113
64.63822546014563,0.6928364175956977,0.24431469743613735,0.2151824891070815
64.63822546014563,0.6928364175956977,0.24431469743613735,0.2151824891070815
64.63822546014563,0.6928364175956977,0.24431469743613735,0.2151824891070815
64.85250256704752,0.6920409123728534,0.2501892157838837,0.21294428359304568
64.85250256704752,0.6920409123728534,0.2501892157838837,0.21294428359304568
65.14572825424703,0.6917708148756617,0.2538381719174073,0.20493026722577515
65.14572825424703,0.6917708148756617,0.2538381719174073,0.20493026722577515
65.17326200542941,0.6866150856237442,0.25502768206368315,0.20421657477784183
64.72198501309863,0.6845444403803583,0.2662631374793764,0.19801341272767276
65.11747223058455,0.6883548408217425,0.26589070141237314,0.19295190698067047
65.11747223058455,0.6883548408217425,0.26589070141237314,0.19295190698067047
64.84228330217154,0.6841315669763487,0.26570424865423564,0.1971086422312625
64.84228330217154,0.6841315669763487,0.26570424865423564,0.1971086422312625
65.1513124941812,0.684195301531827,0.27157531866703555,0.19245758731436885
64.98722204466056,0.687606986730864,0.26668398554543765,0.19302448749266485
64.98722204466056,0.687606986730864,0.26668398554543765,0.19302448749266485
64.98722204466056,0.687606986730864,0.26668398554543765,0.19302448749266485
64.98722204466056,0.687606986730864,0.26668398554543765,0.19302448749266485
64.98722204466056,0.687606986730864,0.26668398554543765,0.19302448749266485
64.98722204466056,0.687606986730864,0.26668398554543765,0.19302448749266485
64.98722204466056,0.687606986730864,0.26668398554543765,0.19302448749266485
64.98722204466056,0.687606986730864,0.26668398554543765,0.19302448749266485
65.4491359919228,0.6834349338900952,0.2561847306084434,0.19272136685619443
65.44227813057915,0.6849270804213682,0.2523094964590344,0.19520103674354014
65.44227813057915,0.6849270804213682,0.2523094964590344,0.19520103674354014
65.1679843195828,0.6866362657054783,0.25666488871015297,0.19125503788646983
64.9843402011688,0.6864130978574727,0.2582044794267605,0.2029991624889456
64.9843402011688,0.6864130978574727,0.2582044794267605,0.2029991624889456
64.9843402011688,0.6864130978574727,0.2582044794267605,0.2029991624889456
64.9843402011688,0.6864130978574727,0.2582044794267605,0.2029991624889456
64.74773721497398,0.6838935398012247,0.262225067200948,0.20121081736739674
64.82779831416148,0.6841348500372546,0.26478697990847944,0.20266075574038397
64.82779831416148,0.6841348500372546,0.26478697990847944,0.20266075574038397
64.66336577605571,0.682218846660963,0.2684851181770028,0.2003252942634443
64.66956911569275,0.6842828406038671,0.2734709329884931,0.20140879590607028
64.66956911569275,0.6842828406038671,0.2734709329884931,0.20140879590607028
64.46211149858053,0.6810184336999283,0.2835101978461502,0.19844149732436145
64.46211149858053,0.6810184336999283,0.2835101978461502,0.19844149732436145
64.58348724036472,0.677572734132293,0.2799517675516485,0.19337421793876516
64.58348724036472,0.677572734132293,0.2799517675516485,0.19337421793876516
64.58348724036472,0.677572734132293,0.2799517675516485,0.19337421793876516
64.82058659584986,0.6798931920485014,0.27890774855622114,0.1847715023820649
64.82058659584986,0.6798931920485014,0.27890774855622114,0.1847715023820649
64.82058659584986,0.6798931920485014,0.27890774855622114,0.1847715023820649
64.82058659584986,0.6798931920485014,0.27890774855622114,0.1847715023820649
65.02761693199143,0.6790220740721595,0.2797891653245774,0.18947886923337576
65.12143761351439,0.6801345991150192,0.2776287978264528,0.18615302247962268
65.12143761351439,0.6801345991150192,0.2776287978264528,0.18615302247962268
65.04375694335491,0.6848217184158736,0.2722012387023247,0.1860472201063644
65.04375694335491,0.6848217184158736,0.2722012387023247,0.1860472201063644
65.12987838112691,0.6790373542656964,0.2765953654446339,0.18144864291657334
65.12987838112691,0.6790373542656964,0.2765953654446339,0.18144864291657334
65.12987838112691,0.6790373542656964,0.2765953654446339,0.18144864291657334
64.94788606486253,0.6787901277078064,0.28075765973499706,0.18661557004108675
64.94788606486253,0.6787901277078064,0.28075765973499706,0.18661557004108675
64.91121879245065,0.6796488571216046,0.27513749721025005,0.18508429977591
65.36200002731591,0.6849185733378949,0.2647953891457769,0.17844025553501855
65.36200002731591,0.6849185733378949,0.2647953891457769,0.17844025553501855
65.36200002731591,0.6849185733378949,0.2647953891457769,0.17844025553501855
65.36200002731591,0.6849185733378949,0.2647953891457769,0.17844025553501855
65.32821378854686,0.6893052483248716,0.2588564162450011,0.18576543044780922
65.51241592634916,0.6854345262334403,0.2593687302392001,0.18842117164030037
65.4587266025131,0.6837213393261865,0.26226834349151523,0.18708459223633506
65.4587266025131,0.6837213393261865,0.26226834349151523,0.18708459223633506
65.3948123444408,0.6797815518764998,0.2606046244039271,0.19631331324257417
65.61408532785865,0.676176075095336,0.2588470662408826,0.19839939818895866
65.28880857352482,0.6766879817531325,0.25742209320337,0.19776384131879932
65.57709790101192,0.6743305727899901,0.25724081251113906,0.19758476205175135
65.57709790101192,0.6743305727899901,0.25724081251113906,0.19758476205175135
65.4473226487206,0.6827756784428425,0.25687042284760114,0.1997904188808042
64.9050056808655,0.6818592731374586,0.25384666137801926,0.19870330903527403
65.59738136281713,0.6764491175763825,0.25080870605258854,0.20701546726782377
65.59738136281713,0.6764491175763825,0.25080870605258854,0.20701546726782377
65.0767830814143,0.6754831225958657,0.2612787064649223,0.20908769856345147
65.0767830814143,0.6754831225958657,0.2612787064649223,0.20908769856345147
65.0767830814143,0.6754831225958657,0.2612787064649223,0.20908769856345147
64.45351169158863,0.6834353721605894,0.257661129796961,0.21527388252189078
64.45351169158863,0.6834353721605894,0.257661129796961,0.21527388252189078
64.45351169158863,0.6834353721605894,0.257661129796961,0.21527388252189078
64.69040512445613,0.6730014317568499,0.2654160611512217,0.20857456129906388
64.91237165566366,0.6730014317568499,0.2654160611512217,0.20857456129906388
64.91237165566366,0.6730014317568499,0.2654160611512217,0.20857456129906388
64.91237165566366,0.6730014317568499,0.2654160611512217,0.20857456129906388
64.82465725351497,0.6761534571300652,0.2626897997432182,0.20768595083400146
64.82465725351497,0.6761534571300652,0.2626897997432182,0.20768595083400146
64.82465725351497,0.6761534571300652,0.2626897997432182,0.20768595083400146
64.82465725351497,0.6761534571300652,0.2626897997432182,0.20768595083400146
65.03890989054783,0.675633908314611,0.2547724730569198,0.20715321865274577
65.58460634472075,0.6751864751847422,0.2528444326362182,0.19850527308161742
65.58460634472075,0.6751864751847422,0.2528444326362182,0.19850527308161742
65.58460634472075,0.6751864751847422,0.2528444326362182,0.19850527308161742
66.02135120223772,0.6736487679264327,0.2480505743873606,0.19331554796640696
66.02135120223772,0.6736487679264327,0.2480505743873606,0.19331554796640696
66.34326507475174,0.6713943871943799,0.24584893766648594,0.191557731308676
66.09549536138516,0.6716918611520778,0.24495864207301773,0.19455356473965066
65.7753663444688,0.6732443719896332,0.24272647708327066,0.1959831597629631
65.7753663444688,0.6732443719896332,0.24272647708327066,0.1959831597629631
65.44259515858998,0.6829492396169334,0.25077546894767133,0.1969264595489294
65.44259515858998,0.6829492396169334,0.25077546894767133,0.1969264595489294
64.99468237007216,0.6839601594641902,0.2577404970355618,0.20022872478208908
64.99468237007216,0.6839601594641902,0.2577404970355618,0.20022872478208908
65.05953053061383,0.6850803981768843,0.261402566351268,0.1971047712692612
65.05953053061383,0.6850803981768843,0.261402566351268,0.1971047712692612
64.9346766876169,0.6872290917240784,0.2725022489808627,0.18940618032714035
64.9346766876169,0.6872290917240784,0.2725022489808627,0.18940618032714035
64.92068381901937,0.6864016230664215,0.2689044926755644,0.19372745112779444
64.92068381901937,0.6864016230664215,0.2689044926755644,0.19372745112779444
64.92068381901937,0.6864016230664215,0.2689044926755644,0.19372745112779444
64.92068381901937,0.6864016230664215,0.2689044926755644,0.19372745112779444
64.92068381901937,0.6864016230664215,0.2689044926755644,0.19372745112779444
64.92068381901937,0.6864016230664215,0.2689044926755644,0.19372745112779444
64.92068381901937,0.6864016230664215,0.2689044926755644,0.19372745112779444
64.95830825386525,0.6879315670171342,0.2698511976625834,0.1865280238579057
64.95830825386525,0.6879315670171342,0.2698511976625834,0.1865280238579057
65.00886014463852,0.6855405904040631,0.26781913342527836,0.17771915379456002
65.00886014463852,0.6855405904040631,0.26781913342527836,0.17771915379456002
64.46198751302649,0.691397680166705,0.2758682811766237,0.18928084261302777
64.29282983423616,0.6931294164411435,0.27475322446876393,0.17523178869147035
65.50661052451376,0.69264750898498,0.27532892809735154,0.1699215225788008
65.94353313352994,0.6869075453550775,0.27244626128990757,0.16122002037881394
66.44403483349528,0.6820086254213565,0.2710323433122072,0.15588212451237304
66.44403483349528,0.6820086254213565,0.2710323433122072,0.15588212451237304
66.44403483349528,0.6820086254213565,0.2710323433122072,0.15588212451237304
66.44403483349528,0.6820086254213565,0.2710323433122072,0.15588212451237304
66.05274520657342,0.6825438203944741,0.2680032537435598,0.16002358196876318
66.05274520657342,0.6825438203944741,0.2680032537435598,0.16002358196876318
66.05274520657342,0.6825438203944741,0.2680032537435598,0.16002358196876318
65.92070097752642,0.6749800559971182,0.27121065367682196,0.16380181603803406
65.92070097752642,0.6749800559971182,0.27121065367682196,0.16380181603803406
65.92070097752642,0.6749800559971182,0.27121065367682196,0.16380181603803406
65.92899772540962,0.6789963986246105,0.2661339539502134,0.1640183847668632
65.92899772540962,0.6789963986246105,0.2661339539502134,0.1640183847668632
65.92368334260811,0.6838647462762559,0.26959550298387425,0.15595079501597237
65.48238813778197,0.6837379450837272,0.273540698111911,0.162854549233966
65.48238813778197,0.6837379450837272,0.273540698111911,0.162854549233966
65.52863148771164,0.6875435450861316,0.2842838107067892,0.1536786750422849
65.52863148771164,0.6875435450861316,0.2842838107067892,0.1536786750422849
65.52863148771164,0.6875435450861316,0.2842838107067892,0.1536786750422849
65.52863148771164,0.6875435450861316,0.2842838107067892,0.1536786750422849
65.52863148771164,0.6875435450861316,0.2842838107067892,0.1536786750422849
65.52863148771164,0.6875435450861316,0.2842838107067892,0.1536786750422849
65.1036062343376,0.6942024732978652,0.2874900256168206,0.16443454377673214
65.1036062343376,0.6942024732978652,0.2874900256168206,0.16443454377673214
65.15672999734053,0.6919326071435759,0.2912176331585889,0.1605085805079867
65.15672999734053,0.6919326071435759,0.2912176331585889,0.1605085805079867
65.15672999734053,0.6919326071435759,0.2912176331585889,0.1605085805079867
65.04364720894391,0.6884973083985888,0.2927241565885958,0.15625300697458921
65.04364720894391,0.6884973083985888,0.2927241565885958,0.15625300697458921
65.04364720894391,0.6884973083985888,0.2927241565885958,0.15625300697458921
65.04364720894391,0.6884973083985888,0.2927241565885958,0.15625300697458921
65.04364720894391,0.6884973083985888,0.2927241565885958,0.15625300697458921
65.04364720894391,0.6884973083985888,0.2927241565885958,0.15625300697458921
65.04364720894391,0.6884973083985888,0.2927241565885958,0.15625300697458921
65.04364720894391,0.6884973083985888,0.2927241565885958,0.15625300697458921
64.97232270199925,0.6941303502308916,0.2908217722100603,0.15712187389448248
64.97232270199925,0.6941303502308916,0.2908217722100603,0.15712187389448248
64.86464327380965,0.6986812229945889,0.289404241255436,0.16442545359304836
64.86464327380965,0.6986812229945889,0.289404241255436,0.16442545359304836
64.86464327380965,0.6986812229945889,0.289404241255436,0.16442545359304836
65.06216028597257,0.6998838165778951,0.2873272971126168,0.16259155467608233
65.28164797396674,0.7046880707618733,0.28451080894254144,0.15259047476285914
64.59379493569763,0.7079543862240958,0.28907460813530245,0.15300903003394817
64.83281399260049,0.7085015517429186,0.2935297829768926,0.14620019103141102
65.1736402711383,0.7084776757214083,0.2830243847318877,0.14714582450630537
65.1736402711383,0.7084776757214083,0.2830243847318877,0.14714582450630537
65.1736402711383,0.7084776757214083,0.2830243847318877,0.14714582450630537
65.28875377155548,0.7021476459238055,0.2902822688998015,0.1410579189750176
65.28875377155548,0.7021476459238055,0.2902822688998015,0.1410579189750176
65.28875377155548,0.7021476459238055,0.2902822688998015,0.1410579189750176
65.28875377155548,0.7021476459238055,0.2902822688998015,0.1410579189750176
65.28875377155548,0.7021476459238055,0.2902822688998015,0.1410579189750176
65.28875377155548,0.7021476459238055,0.2902822688998015,0.1410579189750176
65.26737106939886,0.70576817423701,0.29471561826754106,0.13264107394742625
65.26737106939886,0.70576817423701,0.29471561826754106,0.13264107394742625
66.0128444104755,0.6943366134021618,0.2870391034064065,0.13368673510243811
65.74269264681702,0.6955860118821939,0.27835845856841046,0.13396422849147305
65.76023515930501,0.6954992839915498,0.2757388002412758,0.1351941921987663
66.11901528024845,0.6976145648639271,0.2773330693343612,0.1350671450965509
66.11901528024845,0.6976145648639271,0.2773330693343612,0.1350671450965509
66.11901528024845,0.6976145648639271,0.2773330693343612,0.1350671450965509
66.11901528024845,0.6976145648639271,0.2773330693343612,0.1350671450965509
66.1690970150487,0.70232261289115,0.2755477923398745,0.13450054722862056
66.1690970150487,0.70232261289115,0.2755477923398745,0.13450054722862056
66.1690970150487,0.70232261289115,0.2755477923398745,0.13450054722862056
65.9600177142432,0.699910721623487,0.27698605292470696,0.13317805094659457
66.00350777411376,0.7000294556083816,0.2731378555838259,0.13911356798186517
66.26457398673406,0.6978354243680819,0.26706295700221616,0.1395315222560798
66.42261050911507,0.7055568934850124,0.2635020156178824,0.13361553896344663
66.42261050911507,0.7055568934850124,0.2635020156178824,0.13361553896344663
66.2015966998416,0.698530754369381,0.2631309520662445,0.1433116019969653
66.71309306180622,0.700250824837837,0.2722938940358926,0.1354550283573495
66.71309306180622,0.700250824837837,0.2722938940358926,0.1354550283573495
66.71309306180622,0.700250824837837,0.2722938940358926,0.1354550283573495
66.71309306180622,0.700250824837837,0.2722938940358926,0.1354550283573495
66.71309306180622,0.700250824837837,0.2722938940358926,0.1354550283573495
66.39046041955295,0.6932277144049508,0.2744796896423063,0.14480986576440708
66.39046041955295,0.6932277144049508,0.2744796896423063,0.14480986576440708
65.91579230878915,0.6899158625520637,0.2816764001333901,0.14442984865490735
65.91579230878915,0.6899158625520637,0.2816764001333901,0.14442984865490735
65.91256077743522,0.6879566071901583,0.2737290976240294,0.1365164373878603
65.91256077743522,0.6879566071901583,0.2737290976240294,0.1365164373878603
66.16989499034081,0.6930714329004902,0.27405239742450765,0.14047772803821224
66.16989499034081,0.6930714329004902,0.27405239742450765,0.14047772803821224
66.21068307951026,0.688962909917217,0.2680592637389453,0.14466828308902863
66.21068307951026,0.688962909917217,0.2680592637389453,0.14466828308902863
66.73029471858777,0.6865010568365136,0.2648112946192458,0.1517209947241617
67.07161020477257,0.6866823049253076,0.26313955035991243,0.14801404302439664
67.01713653184059,0.6906826693933371,0.2544481163870382,0.14801404302439664
67.01713653184059,0.6906826693933371,0.2544481163870382,0.14801404302439664
67.14822023815273,0.6927676253910968,0.2567428290464931,0.1395126454480438
66.57930746014857,0.6835641306413534,0.25861531861401776,0.14446318646088724
66.51119007206177,0.6833361028427347,0.2570477519404994,0.14440045434916923
66.75332081770223,0.6806884301885207,0.2596729013981207,0.14440045434916923
66.75332081770223,0.6806884301885207,0.2596729013981207,0.14440045434916923
66.50620681521642,0.6849683067292996,0.26094423933758704,0.14352086066746517
66.3012505995556,0.6832047833574496,0.27449602721506605,0.14746619521310886
66.3012505995556,0.6832047833574496,0.27449602721506605,0.14746619521310886
66.3012505995556,0.6832047833574496,0.27449602721506605,0.14746619521310886
66.3012505995556,0.6832047833574496,0.27449602721506605,0.14746619521310886
66.3012505995556,0.6832047833574496,0.27449602721506605,0.14746619521310886
66.3012505995556,0.6832047833574496,0.27449602721506605,0.14746619521310886
66.00658353688937,0.6819821724235855,0.2630355503407635,0.1603624742709301
66.00658353688937,0.6819821724235855,0.2630355503407635,0.1603624742709301
66.00658353688937,0.6819821724235855,0.2630355503407635,0.1603624742709301
66.00658353688937,0.6819821724235855,0.2630355503407635,0.1603624742709301
65.79250259910224,0.6804492081663908,0.2665435798938079,0.16705709280853723
66.01484976898544,0.6804492081663908,0.2665435798938079,0.16888364078955515
66.01484976898544,0.6804492081663908,0.2665435798938079,0.16888364078955515
66.01484976898544,0.6804492081663908,0.2665435798938079,0.16888364078955515
66.17189406724744,0.6916709875742386,0.26142242591559395,0.16910841491954437
66.06359540591114,0.6835823941265342,0.2609598080287785,0.16941334010336728
66.06359540591114,0.6835823941265342,0.2609598080287785,0.16941334010336728
66.06359540591114,0.6835823941265342,0.2609598080287785,0.16941334010336728
66.06359540591114,0.6835823941265342,0.2609598080287785,0.16941334010336728
66.06359540591114,0.6835823941265342,0.2609598080287785,0.16941334010336728
66.02873143596368,0.6875834249864219,0.2598172725414419,0.16959213003938725
66.02873143596368,0.6875834249864219,0.2598172725414419,0.16959213003938725
65.8968153682174,0.6885249856823008,0.26342166872752826,0.16476261528136657
65.8968153682174,0.6885249856823008,0.26342166872752826,0.16476261528136657
65.85521630259217,0.6837152722386297,0.25660830648178956,0.16250597751696058
65.85521630259217,0.6837152722386297,0.25660830648178956,0.16250597751696058
65.85521630259217,0.6837152722386297,0.25660830648178956,0.16250597751696058
65.85521630259217,0.6837152722386297,0.25660830648178956,0.16250597751696058
66.6186742171387,0.6837152722386297,0.25660830648178956,0.16250597751696058
66.61203292201377,0.676062633568351,0.25936741219636905,0.16003097387772244
66.61203292201377,0.676062633568351,0.25936741219636905,0.16003097387772244
66.17263101185718,0.6763752794588318,0.2582564694590969,0.16762093927605354
66.17263101185718,0.6763752794588318,0.2582564694590969,0.16762093927605354
66.17263101185718,0.6763752794588318,0.2582564694590969,0.16762093927605354
65.89894659876998,0.6824981199150755,0.2518630062291801,0.17770598013761885
65.89894659876998,0.6824981199150755,0.2518630062291801,0.17770598013761885
65.89894659876998,0.6824981199150755,0.2518630062291801,0.17770598013761885
65.89894659876998,0.6824981199150755,0.2518630062291801,0.17770598013761885
65.89894659876998,0.6824981199150755,0.2518630062291801,0.17770598013761885
65.89894659876998,0.6824981199150755,0.2518630062291801,0.17770598013761885
65.89894659876998,0.6824981199150755,0.2518630062291801,0.17770598013761885
65.89894659876998,0.6824981199150755,0.2518630062291801,0.17770598013761885
65.89894659876998,0.6824981199150755,0.2518630062291801,0.17770598013761885
66.33472467216096,0.6833450984150828,0.2523700257632799,0.17568573753084973
66.33472467216096,0.6833450984150828,0.2523700257632799,0.17568573753084973
66.33472467216096,0.6833450984150828,0.2523700257632799,0.17568573753084973
66.33472467216096,0.6833450984150828,0.2523700257632799,0.17568573753084973
66.20756980562717,0.683887659411782,0.2483942693911541,0.17128824521000446
66.20756980562717,0.683887659411782,0.2483942693911541,0.17128824521000446
66.20756980562717,0.683887659411782,0.2483942693911541,0.17128824521000446
66.07059117107345,0.6887920373939929,0.2539026977291588,0.16822334048524862
66.08200625487595,0.6954758798291607,0.2556444920933986,0.16565673483036497
66.08200625487595,0.6954758798291607,0.2556444920933986,0.16565673483036497
66.08200625487595,0.6954758798291607,0.2556444920933986,0.16565673483036497
65.65187184922164,0.7001489299718179,0.25533720875500227,0.1681877430091935
65.65187184922164,0.7001489299718179,0.25533720875500227,0.1681877430091935
65.65187184922164,0.7001489299718179,0.25533720875500227,0.1681877430091935
66.15705721385838,0.698247127012321,0.26118072546889903,0.16731559183208897
66.15705721385838,0.698247127012321,0.26118072546889903,0.16731559183208897
66.15705721385838,0.698247127012321,0.26118072546889903,0.16731559183208897
65.84040065419495,0.698247127012321,0.26118072546889903,0.16731559183208897
66.10259323257482,0.6931585506545411,0.25829723419343287,0.16399515616659432
66.10259323257482,0.6931585506545411,0.25829723419343287,0.16399515616659432
66.10259323257482,0.6931585506545411,0.25829723419343287,0.16399515616659432
66.10259323257482,0.6931585506545411,0.25829723419343287,0.16399515616659432
66.10259323257482,0.6931585506545411,0.25829723419343287,0.16399515616659432
65.91940443703233,0.695220011773138,0.26641751708510997,0.1662764921833173
65.41581782035827,0.6979519553253293,0.2672597985714693,0.16502360179520253
65.41581782035827,0.6979519553253293,0.2672597985714693,0.16502360179520253
65.41581782035827,0.6979519553253293,0.2672597985714693,0.16502360179520253
65.41581782035827,0.6979519553253293,0.2672597985714693,0.16502360179520253
65.41581782035827,0.6979519553253293,0.2672597985714693,0.16502360179520253
65.05064723025872,0.6970288932869049,0.2766293753618343,0.16357664079284434
65.05064723025872,0.6970288932869049,0.2766293753618343,0.16357664079284434
65.31361997253694,0.6950680062774867,0.2803219032143551,0.1585427170277146
65.31361997253694,0.6950680062774867,0.2803219032143551,0.1585427170277146
65.31361997253694,0.6950680062774867,0.2803219032143551,0.1585427170277146
65.79652985830276,0.6952204290999761,0.28004280059063247,0.15156343402175393
65.71920882647325,0.6947596934986928,0.2721939568233749,0.15098404516744657
65.71920882647325,0.6947596934986928,0.2721939568233749,0.15098404516744657
65.71920882647325,0.6947596934986928,0.2721939568233749,0.15098404516744657
65.71920882647325,0.6947596934986928,0.2721939568233749,0.15098404516744657
65.53319568434404,0.693114437113065,0.2739886623557127,0.1624904270540486
65.77587577355585,0.6958897752368294,0.2674679331178185,0.17172403728243518
65.77587577355585,0.6958897752368294,0.2674679331178185,0.17172403728243518
65.1161423847346,0.7028257662656374,0.2703310535343712,0.1696876672361589
65.1161423847346,0.7028257662656374,0.2703310535343712,0.1696876672361589
65.28387673153682,0.6966847139324496,0.270090935243187,0.16859668808647493
65.28387673153682,0.6966847139324496,0.270090935243187,0.16859668808647493
65.0791669532689,0.7033912688919466,0.26485093720999153,0.16752770936941389
65.0791669532689,0.7033912688919466,0.26485093720999153,0.16752770936941389
65.20476888515132,0.70176870483308,0.2726407489766509,0.16081099449483532
65.67511570037654,0.6999337995751772,0.2713727965647842,0.15571024798819932
65.40791690293018,0.698930607700296,0.2670790103089249,0.153684407228659
65.46394916375755,0.698930607700296,0.2670790103089249,0.16133062251264432
65.56553405163214,0.7057470234112876,0.26313101001203576,0.1596807956197368
65.28705257968083,0.7088993986921315,0.2629637393467241,0.16537913651967193
65.28705257968083,0.7088993986921315,0.2629637393467241,0.16537913651967193
65.28705257968083,0.7088993986921315,0.2629637393467241,0.16537913651967193
65.28705257968083,0.7088993986921315,0.2629637393467241,0.16537913651967193
65.28705257968083,0.7088993986921315,0.2629637393467241,0.16537913651967193
65.28705257968083,0.7088993986921315,0.2629637393467241,0.16537913651967193
65.24990142681868,0.7066931653284027,0.25924530691191333,0.17243554691575033
65.24990142681868,0.7066931653284027,0.25924530691191333,0.17243554691575033
65.24990142681868,0.7066931653284027,0.25924530691191333,0.17243554691575033
65.24990142681868,0.7066931653284027,0.25924530691191333,0.17243554691575033
65.19087087941378,0.709895395639626,0.2550323580243439,0.17165249545821004
65.19087087941378,0.709895395639626,0.2550323580243439,0.17165249545821004
65.62729638261213,0.705837121778519,0.2550323580243439,0.17165249545821004
65.62729638261213,0.705837121778519,0.2550323580243439,0.17165249545821004
65.48206648013661,0.7063184622798058,0.2545715592869197,0.17266711406915758
65.46479850830478,0.6954873664338782,0.2523187090536714,0.1720881489959679
65.98554667160363,0.6934383959000479,0.24711384909962927,0.18351612000942275
65.96210898780957,0.6917023466717543,0.244815628137712,0.18065969884249028
65.96210898780957,0.6917023466717543,0.244815628137712,0.18065969884249028
65.96210898780957,0.6917023466717543,0.244815628137712,0.18065969884249028
65.96210898780957,0.6917023466717543,0.244815628137712,0.18065969884249028
65.59297006675017,0.6904752889468369,0.25061792877327654,0.18266031465457164
65.59297006675017,0.6904752889468369,0.25061792877327654,0.18266031465457164
65.59297006675017,0.6904752889468369,0.25061792877327654,0.18266031465457164
65.59297006675017,0.6904752889468369,0.25061792877327654,0.18266031465457164
65.59297006675017,0.6904752889468369,0.25061792877327654,0.18266031465457164
65.59297006675017,0.6904752889468369,0.25061792877327654,0.18266031465457164
65.59297006675017,0.6904752889468369,0.25061792877327654,0.18266031465457164
65.59297006675017,0.6904752889468369,0.25061792877327654,0.18266031465457164
65.59297006675017,0.6904752889468369,0.25061792877327654,0.18266031465457164
65.59297006675017,0.6904752889468369,0.25061792877327654,0.18266031465457164
65.59297006675017,0.6904752889468369,0.25061792877327654,0.18266031465457164
65.59297006675017,0.6904752889468369,0.25061792877327654,0.18266031465457164
65.59297006675017,0.6904752889468369,0.25061792877327654,0.18266031465457164
65.67748541734846,0.6904752889468369,0.25061792877327654,0.18266031465457164
65.67748541734846,0.6904752889468369,0.25061792877327654,0.18266031465457164
65.19145099521974,0.6984476216557789,0.2501098388839009,0.18043076735346408
65.21608367493742,0.7053781836359916,0.2501098388839009,0.18043076735346408
65.21608367493742,0.7053781836359916,0.2501098388839009,0.18043076735346408
65.03072381546981,0.7016483201675522,0.25513468498892383,0.1751654169327598
65.03072381546981,0.7016483201675522,0.25513468498892383,0.17444577006549264
65.43446459478487,0.7094411583828758,0.25335308998518175,0.1755840669450604
65.43446459478487,0.7094411583828758,0.25335308998518175,0.1755840669450604
65.43446459478487,0.7094411583828758,0.25335308998518175,0.1755840669450604
65.43446459478487,0.7094411583828758,0.25335308998518175,0.1755840669450604
65.43446459478487,0.7094411583828758,0.25335308998518175,0.1755840669450604
65.11986967802449,0.7087561375146904,0.25660605702853134,0.18700032876886594
64.66166859833264,0.712258987034202,0.25655977133145536,0.18833914897187687
65.11757123378135,0.7193314166765492,0.25544211054969945,0.18342073763167582
64.53263388614805,0.7223032895423958,0.2602431898275184,0.18941150134414825
63.96810349435721,0.7267951786740282,0.26896358769475814,0.19318645611692886
63.96810349435721,0.7267951786740282,0.26896358769475814,0.19318645611692886
63.96810349435721,0.7267951786740282,0.26896358769475814,0.19318645611692886
63.96810349435721,0.7267951786740282,0.26896358769475814,0.19318645611692886
63.96810349435721,0.7267951786740282,0.26896358769475814,0.19318645611692886
63.96810349435721,0.7267951786740282,0.26896358769475814,0.19318645611692886
63.96810349435721,0.7267951786740282,0.26896358769475814,0.19318645611692886
63.96810349435721,0.7267951786740282,0.26896358769475814,0.19318645611692886
63.96810349435721,0.7267951786740282,0.26896358769475814,0.19318645611692886
63.96810349435721,0.7267951786740282,0.26896358769475814,0.19318645611692886
63.99106273321581,0.7278134845193476,0.2712619746142815,0.19780603595295487
63.99106273321581,0.7278134845193476,0.2712619746142815,0.19780603595295487
63.858679024969845,0.7263744740877643,0.2702593594994212,0.1949584140046535
63.858679024969845,0.7263744740877643,0.2702593594994212,0.1949584140046535
63.858679024969845,0.7263744740877643,0.2702593594994212,0.1949584140046535
63.858679024969845,0.7263744740877643,0.2702593594994212,0.1949584140046535
63.858679024969845,0.7263744740877643,0.2702593594994212,0.1949584140046535
63.858679024969845,0.7263744740877643,0.2702593594994212,0.1949584140046535
63.858679024969845,0.7263744740877643,0.2702593594994212,0.1949584140046535
63.41077390416322,0.7313776670351325,0.27938056641567954,0.1974332317949251
63.41077390416322,0.7313776670351325,0.27938056641567954,0.1974332317949251
63.105037175209176,0.736457237523745,0.2812644281360417,0.19547589635989238
63.105037175209176,0.736457237523745,0.2812644281360417,0.19547589635989238
63.105037175209176,0.736457237523745,0.2812644281360417,0.19547589635989238
63.105037175209176,0.736457237523745,0.2812644281360417,0.19547589635989238
62.89553726525995,0.7330594269795547,0.2921538936595007,0.1923216109313953
62.89144218220808,0.7387013907243315,0.2921538936595007,0.1923216109313953
62.89144218220808,0.7387013907243315,0.2921538936595007,0.1923216109313953
62.74316938631818,0.7420865060813796,0.2929325293043048,0.19255626513769677
62.37042514301286,0.7437345596665401,0.29883075875780174,0.19653836707644606
62.37042514301286,0.7437345596665401,0.29883075875780174,0.19653836707644606
62.32119111709699,0.7366032052916193,0.3002918287539901,0.1963173704942346
62.32119111709699,0.7366032052916193,0.3002918287539901,0.1963173704942346
62.32119111709699,0.7366032052916193,0.3002918287539901,0.1963173704942346
62.32119111709699,0.7366032052916193,0.3002918287539901,0.1963173704942346
62.32119111709699,0.7366032052916193,0.3002918287539901,0.1963173704942346
62.32119111709699,0.7366032052916193,0.3002918287539901,0.1963173704942346
62.423214368422975,0.7388877784414173,0.2986332633918375,0.20080323251964932
62.423214368422975,0.7388877784414173,0.2986332633918375,0.20080323251964932
62.423214368422975,0.7388877784414173,0.2986332633918375,0.20080323251964932
62.423214368422975,0.7388877784414173,0.2986332633918375,0.20080323251964932
62.26811424537672,0.7475809309921179,0.29671846293438275,0.20748941936779436
62.10395399767448,0.7497847934482956,0.2978006981905328,0.2089067120342618
62.10395399767448,0.7497847934482956,0.2978006981905328,0.2089067120342618
62.10395399767448,0.7497847934482956,0.2978006981905328,0.2089067120342618
61.43344569422189,0.7557182262888927,0.3030918942235518,0.20714883812216955
61.43344569422189,0.7557182262888927,0.3030918942235518,0.20714883812216955
62.52090894451175,0.7501295429117342,0.2916289994274145,0.20436357711279593
62.52090894451175,0.7501295429117342,0.2916289994274145,0.20436357711279593
61.757716557662924,0.7593779898573095,0.28803076324486515,0.21033680091206827
61.92723998790049,0.7588565562750573,0.28856367100019675,0.21446742456236853
61.92723998790049,0.7588565562750573,0.28856367100019675,0.21446742456236853
61.92723998790049,0.7588565562750573,0.28856367100019675,0.21446742456236853
61.92723998790049,0.7588565562750573,0.28856367100019675,0.21446742456236853
61.92723998790049,0.7588565562750573,0.28856367100019675,0.21446742456236853
61.92723998790049,0.7588565562750573,0.28856367100019675,0.21446742456236853
61.92723998790049,0.7588565562750573,0.28856367100019675,0.21446742456236853
61.92723998790049,0.7588565562750573,0.28856367100019675,0.21446742456236853
61.92723998790049,0.7588565562750573,0.28856367100019675,0.21446742456236853
61.99580825443819,0.7517341459935277,0.28418559333317694,0.21363915005661707
61.99580825443819,0.7517341459935277,0.28418559333317694,0.21363915005661707
61.75010011107583,0.7530900733737876,0.28494218194220255,0.2142689824053938
61.75010011107583,0.7530900733737876,0.28494218194220255,0.2142689824053938
61.98806792290469,0.7545499859839617,0.28602348337323424,0.21454416916874738
62.41135829799011,0.7534089133303762,0.28321025306781167,0.2119911599597102
62.41135829799011,0.7534089133303762,0.28321025306781167,0.2119911599597102
62.41135829799011,0.7534089133303762,0.28321025306781167,0.2119911599597102
62.41135829799011,0.7534089133303762,0.28321025306781167,0.2119911599597102
62.41135829799011,0.7534089133303762,0.28321025306781167,0.2119911599597102
62.16779809351652,0.7455863250625061,0.2885927506220742,0.21926367348035566
62.16779809351652,0.7455863250625061,0.2885927506220742,0.21926367348035566
